Tweet ID,Username,User's ScreenName,User's Location,User's Description,User's Language,User's Followers,User's Friends,Tweet Creation Time,Tweet Text,Clean Tweet Text
1022717268059463680,Christian Okwudiwa,ChrisloveCGO,"Manitoba, Canada","Writer|Counsellor|Google Guide|Mentor|Minister|Model|Avid Volunteer|\nFor partnership&inquiries,\xf0\x9f\x93\xa7 christianokwudiwa@yahoo.com|\nFor my writings\xf0\x9f\x91\x87",en,526,321,2018-07-27 05:36:12,@LS_Suku Oh wow! This must really be bad. @AirCanada what did you do to my beloved friend? #AirCanada,Suku Oh wow This must really be bad what did you do to my beloved friend AirCanada
1022702942661562369,Mohau.I uwane \xe2\x9c\x88\xf0\x9f\x9a\x9b,MohauUwane,"South Africa ,GAUTENG",I retweet good photos of #avgeek #pilotlife #aviation //and like photos of #ets2 #ATS #promods taken by good friends,en,39,233,2018-07-27 04:39:17,"RT @patrik_buchler: Airbus A330-300 Air Canada C-GHLM Star Alliance livery second before touchdown in Zurich airport june 10, 2018\n\n#a330 #\xe2\x80\xa6",RT buchler Airbus A330 300 Air Canada C GHLM Star Alliance livery second before touchdown in Zurich airport june 10 2018 n n a330 xe2 x80 xa6
1022697226076938240,PlaneSpottingIsCool,PlaneSpotIsCool,Worldwide,We call upon the aviation industry and aviation enthusiasts of the world to stand up and #MakePlanespottingCoolAgain. This message is endorsed by @PlaySkyjacker,en,2370,4743,2018-07-27 04:16:34,"RT @patrik_buchler: Airbus A330-300 Air Canada C-GHLM Star Alliance livery second before touchdown in Zurich airport june 10, 2018\n\n#a330 #\xe2\x80\xa6",RT buchler Airbus A330 300 Air Canada C GHLM Star Alliance livery second before touchdown in Zurich airport june 10 2018 n n a330 xe2 x80 xa6
1022693524976873472,Patrik B\xc3\xbcchler,patrik_buchler,"Gen\xc3\xa8ve, Suisse",,fr,19,85,2018-07-27 04:01:51,"Airbus A330-300 Air Canada C-GHLM Star Alliance livery second before touchdown in Zurich airport june 10, 2018\xe2\x80\xa6 https://t.co/kNVqnwp2v0",Airbus A330 300 Air Canada C GHLM Star Alliance livery second before touchdown in Zurich airport june 10 2018 xe2 x80 xa6
1022691100513853440,NQ,Nqotin,"Edmonton, AB, Canada",you do you!,en,133,360,2018-07-27 03:52:13,#AirCanada come on!!! What\xe2\x80\x99s going on? Seriously. If you are going to have the Nations\xe2\x80\x99 name as part of your name..\xe2\x80\xa6 https://t.co/kgSS9dSok3,AirCanada come on What xe2 x80 x99s going on Seriously If you are going to have the Nations xe2 x80 x99 name as part of your name xe2 x80 xa6
1022680423191785475,ronan chansou,lightnokitsune,"Cardiff, Wales",\xe7\xa7\x81\xe3\x81\xae\xe3\x81\x84\xe3\x81\x8d\xe3\x81\x8c\xe3\x81\x84\xe3\x81\xaf...,en,4,18,2018-07-27 03:09:48,"More than a 100 people waiting due to delayed and cancelled flight, been waiting over 2 hours.\nAir Canada's reactio\xe2\x80\xa6 https://t.co/BFHgo3AT1g",More than a 100 people waiting due to delayed and cancelled flight been waiting over 2 hours nAir Canada s reactio xe2 x80 xa6
1022677081736470528,Mildly annoyed,electryshian,alberta,Don't quit your day job,en,9,51,2018-07-27 02:56:31,#aircanada SUCKS. Trying to get my 15 year old daughter home safely from the states and her flights keep getting ca\xe2\x80\xa6 https://t.co/FP7Ansdzdx,aircanada SUCKS Trying to get my 15 year old daughter home safely from the states and her flights keep getting ca xe2 x80 xa6
1022674556870307840,Coopster,cooperswen,,,en,5,58,2018-07-27 02:46:29,#aircanada cranky cookie pusher and a delayed flight out of Edmonton. Tisk tisk back to their old crappy attitude.,aircanada cranky cookie pusher and a delayed flight out of Edmonton Tisk tisk back to their old crappy attitude
1022658516518088704,lgatzke,lgatzke,,,en,429,591,2018-07-27 01:42:45,To cancel an 8 30 pm flight at 4 pm @AirCanada seems quite extreme. Then to offer no help in finding accommodation\xe2\x80\xa6 https://t.co/lsQvzJQ4lo,To cancel an 8 30 pm flight at 4 pm seems quite extreme Then to offer no help in finding accommodation xe2 x80 xa6
1022650402251137025,OLineCoach,o_line_coach,Qu\xc3\xa9bec / Florida,Father of two boys - Asst Head Coach / Offensive Line Coach / Triades de Lanaudi\xc3\xa8re #5asOne - Investment buff - Student of the game - #Impeach45,en,346,843,2018-07-27 01:10:30,Retard\xc3\xa9 quatre fois so far... #AirCanada The gift that keeps on giving.,Retard xc3 xa9 quatre fois so far AirCanada The gift that keeps on giving
1022645329232113664,Stephen Chawner,DrSJChawner,"Cambridge, England","Postdoctoral research chemist at Alzheimer's Research UK. PhD (Imperial College London), degree (University of Birmingham).",en,44,105,2018-07-27 00:50:20,"After 7 hours in Pierre-Elliott-Trudeau de Montreal airport after our #aircanada flight was cancelled, with minimal\xe2\x80\xa6 https://t.co/oMCnSKOjYe",After 7 hours in Pierre Elliott Trudeau de Montreal airport after our aircanada flight was cancelled with minimal xe2 x80 xa6
1022641210186493954,j_secord,secord_j,"Ottawa, Ontario",Ottawa Raised BC Bound,en,5,28,2018-07-27 00:33:58,#AirCanada never fails to provide garbage service and delayed flights.,AirCanada never fails to provide garbage service and delayed flights
1022633011345424384,\xe3\x83\x9e\xe3\x83\xa8,littlemayo,"Portland, OR",\xe3\x82\xbd\xe3\x83\x95\xe3\x83\x88\xe3\x82\xa6\xe3\x82\xa7\xe3\x82\xa2\xe3\x82\xa8\xe3\x83\xb3\xe3\x82\xb8\xe3\x83\x8b\xe3\x82\xa2\xe3\x80\x81\xe5\x8d\x8a\xe7\x94\x9f\xe4\xbb\xa5\xe4\xb8\x8a\xe3\x82\xa2\xe3\x83\xa1\xe3\x83\xaa\xe3\x82\xab\xe3\x81\xa0\xe3\x81\x91\xe3\x81\xa9\xe7\xb4\x94\xe6\x97\xa5\xe6\x9c\xac\xe4\xba\xba\xe3\x80\x82\xe3\x80\x80\xe3\x83\x84\xe3\x82\xa4\xe3\x83\x83\xe3\x82\xbf\xe3\x83\xbc\xe3\x82\x92\xe9\x80\x9a\xe3\x81\x97\xe3\x81\xa6\xe6\x97\xa5\xe6\x9c\xac\xe3\x81\xa8\xe4\xba\xa4\xe6\xb5\x81\xe3\x80\x82,en,449,322,2018-07-27 00:01:24,Never again #AirCanada \xe2\x98\xb9\xef\xb8\x8f,Never again AirCanada xe2 x98 xb9 xef xb8 x8f
1022625565382246406,OLineCoach,o_line_coach,Qu\xc3\xa9bec / Florida,Father of two boys - Asst Head Coach / Offensive Line Coach / Triades de Lanaudi\xc3\xa8re #5asOne - Investment buff - Student of the game - #Impeach45,en,346,843,2018-07-26 23:31:48,.@AirCanada  So.....in the last 24 hours my 1st flight delayed twice then cancelled on me and sent me back home. My\xe2\x80\xa6 https://t.co/2sfeV95mgh,So in the last 24 hours my 1st flight delayed twice then cancelled on me and sent me back home My xe2 x80 xa6
1022624353094127616,Laurence,twinsen123,Toronto,,en,52,16,2018-07-26 23:26:59,Let me understand this. #AirCanada spun off #Aeroplan - made a bunch of money from #Aimia going public and probably\xe2\x80\xa6 https://t.co/Rx3PCcmcMT,Let me understand this AirCanada spun off Aeroplan made a bunch of money from Aimia going public and probably xe2 x80 xa6
1022616577336737792,George Ferreira,georgeferreira5,"Montr\xc3\xa9al, Qu\xc3\xa9bec","Manager, Corporate Sales @AirCanada \nHelping connect corporate customers to the world.",en,394,273,2018-07-26 22:56:05,Check out #AirCanada's #enRoutemag and discover 4 Ways to Celebrate #NewOrleans' Tricentennial\xe2\x80\xa6 https://t.co/UwrGBRDhx9,Check out AirCanada s enRoutemag and discover 4 Ways to Celebrate NewOrleans Tricentennial xe2 x80 xa6
1022613978587914242,George Ferreira,georgeferreira5,"Montr\xc3\xa9al, Qu\xc3\xa9bec","Manager, Corporate Sales @AirCanada \nHelping connect corporate customers to the world.",en,394,273,2018-07-26 22:45:46,In Good Company: #AirCanada and the #Montreal crowd at the #DaffodilBall raised $2 million for the\xe2\x80\xa6 https://t.co/t189A1SQR0,In Good Company AirCanada and the Montreal crowd at the DaffodilBall raised 2 million for the xe2 x80 xa6
1022605646020141067,Stephen Chawner,DrSJChawner,"Cambridge, England","Postdoctoral research chemist at Alzheimer's Research UK. PhD (Imperial College London), degree (University of Birmingham).",en,44,105,2018-07-26 22:12:39,"Flight from Pierre-Elliott-Trudeau de Montreal with #aircanada has been cancelled, 2 hours later and still haven't\xe2\x80\xa6 https://t.co/Uf2rJkex3y",Flight from Pierre Elliott Trudeau de Montreal with aircanada has been cancelled 2 hours later and still haven t xe2 x80 xa6
1022601559908212738,Carmel Branston,ProfCarmel,,,en,26,39,2018-07-26 21:56:25,#Aircanada  classic over reaction by boarding agent.   He was way more aggressive and loud than the passenger he ac\xe2\x80\xa6 https://t.co/IEjuirqvCx,Aircanada classic over reaction by boarding agent He was way more aggressive and loud than the passenger he ac xe2 x80 xa6
1022598374627803136,ian w,westcoastward,YYJ,"New to the tweets, west coast dweller, craft beer aficionado, family man, Canucks fan, happiest when outside.",en,11,67,2018-07-26 21:43:46,"@AirCanada In keeping with your recent record of ineptitude, the direct YEG&gt;YYJ #AC8053 will now get me home later\xe2\x80\xa6 https://t.co/4jS5jALMDD",In keeping with your recent record of ineptitude the direct YEG gt YYJ AC8053 will now get me home later xe2 x80 xa6
1022596770847576064,Praveen Malhan,dimpymalhan,,,en,32,125,2018-07-26 21:37:23,Shame on you @AirCanada. I was denied boarding and then given an open ticket. I do not want an open ticket. I want\xe2\x80\xa6 https://t.co/Sjir9CZsmn,Shame on you I was denied boarding and then given an open ticket I do not want an open ticket I want xe2 x80 xa6
1022596073884401665,Darth Bumdart,darthbumdart,"Oshawa, ON Canada",My alter ego has gone to the darkside,en,34,196,2018-07-26 21:34:37,When #aircanada is late again you might as well try another local IPA. - Drinking a Space Dust IPA by\xe2\x80\xa6 https://t.co/78oUfiiEFb,When aircanada is late again you might as well try another local IPA Drinking a Space Dust IPA by xe2 x80 xa6
1022592935844618240,HAROUT,WHITEPHOTO1983,canada,,en,83,127,2018-07-26 21:22:09,#cntower #Toronto #torontopearson #airport #1whitephoto #photography #hsbc #mycity #canada #plain #aircanada\xe2\x80\xa6 https://t.co/Nmx3GqQJXB,cntower Toronto torontopearson airport 1whitephoto photography hsbc mycity canada plain aircanada xe2 x80 xa6
1022589670138494976,ABC Speech Therapy East Dulwich,ABCSLT,"Dulwich, London",Children's Speech and Language Therapist working across South London. Follow me for tips on how to support your child\xe2\x80\x99s language and communication development.,en,29,134,2018-07-26 21:09:10,RT @SaigeAshton: Keeping every finger crossed that @AirCanada will help get me on a flight home to @Edmonton from @London for my grandfathe\xe2\x80\xa6,RT Keeping every finger crossed that will help get me on a flight home to from for my grandfathe xe2 x80 xa6
1022589463422222336,Becky Francis,reckrockaree,London,Becky \xf0\x9f\x99\x8b\xf0\x9f\x8f\xbc twit twoooo \xf0\x9f\x98\x9c,en,41,246,2018-07-26 21:08:21,RT @SaigeAshton: Keeping every finger crossed that @AirCanada will help get me on a flight home to @Edmonton from @London for my grandfathe\xe2\x80\xa6,RT Keeping every finger crossed that will help get me on a flight home to from for my grandfathe xe2 x80 xa6
1022579039108661248,Joan Rollins,joan_rollins,NW Pacific 'Lotus-Land',Journo 1980s~E.African\xf0\x9f\x87\xb9\xf0\x9f\x87\xbf\xf0\x9f\x87\xb0\xf0\x9f\x87\xaa bushkid~where my\xf0\x9f\x92\x93remains~Battle #Poachers #BloodIvory\xf0\x9f\x90\x98#TrophyKillers. Will call your B.S. & raise you 5\xc2\xa2\xf0\x9f\x8d\x81||Spoonfed politics,en,1423,1282,2018-07-26 20:26:56,@airlinequality #Skytrax You should have checked with former #AirCanada passengers all over Cda &amp; beyond B4U gave A\xe2\x80\xa6 https://t.co/3DRlLKLo5S,Skytrax You should have checked with former AirCanada passengers all over Cda amp beyond B4U gave A xe2 x80 xa6
1022573571149836289,Trillmatic.com,BeenTrillmatic,Texas,Somewhere in between the rich x famous & the starving artists! https://t.co/sovpJR5opJ | Podcast: https://t.co/HixRUxn598 Hosted by @BiggUU254 & @Riffa254,en,3524,2335,2018-07-26 20:05:12,Listen to #Montreal rapper @scholarthethird's new EP #AirCanada https://t.co/VlWoZwlxlO https://t.co/EvRNuq2ale,Listen to Montreal rapper s new EP AirCanada
1022565413467631616,Igloo,igloo4travel,"Trois-Rivi\xc3\xa8res, Qu\xc3\xa9bec","Igloo is The Ultimate Travel Pillow Set! Travel in comfort, arrive refreshed. Get yours today: https://t.co/aXRVSlHuYv \nSee you in the dream zone.\xf0\x9f\x98\xb4",fr,1154,423,2018-07-26 19:32:47,Will @AirCanada win its bid on @Aeroplan ? #Travel #Canada #Aircanada #Aeroplan #myIgloo #Igloo4Travel https://t.co/iYJF1iHpQO,Will win its bid on Travel Canada Aircanada Aeroplan myIgloo Igloo4Travel
1022552404309487617,David Cravinho,DavidCravinho,,,en,22,38,2018-07-26 18:41:05,"@AirCanada #aircanada Sitting in YYZ, 6 hours after scheduled take-off to LHR, waiting for a light to be fixed on b\xe2\x80\xa6 https://t.co/e3NfNgAsos",aircanada Sitting in YYZ 6 hours after scheduled take off to LHR waiting for a light to be fixed on b xe2 x80 xa6
1022548804086554626,\xe3\x81\xa6\xe3\x81\xa3\xe3\x81\xba\xe3\x83\xbc,teppei_otsuki,\xe5\xa2\xa8\xe7\x94\xb0\xe5\x8c\xba,\xe8\xb5\xb0\xe3\x81\xa3\xe3\x81\xa6\xe9\xa3\xb2\xe3\x82\x93\xe3\x81\xa0\xe3\x82\x8a\xe3\x80\x81\xe6\xa0\xbc\xe9\x97\x98\xe6\x8a\x80\xe3\x81\x97\xe3\x81\xa6\xe9\xa3\xb2\xe3\x82\x93\xe3\x81\xa0\xe3\x82\x8a\xe3\x80\x81\xe3\x83\x93\xe3\x83\xbc\xe3\x83\xab\xe5\xa5\xbd\xe3\x81\x8d\xe3\x81\xaa\xe3\x81\xbf\xe3\x81\x9a\xe3\x81\x8c\xe3\x82\x81\xe5\xba\xa7\xe7\x94\xb7\xe5\xad\x90\xe3\x80\x82,ja,98,98,2018-07-26 18:26:47,coffee break! #starbucks #vancouver #aircanada https://t.co/KXFKEDRAeI,coffee break starbucks vancouver aircanada
1022546478919819265,TravelPulse Canada,TravelPulseCA,Canada,"Travel industry news, videos and info on cruises,resorts, tours, airlines, destinations.",en,876,974,2018-07-26 18:17:33,An update to the story we brought first to you yesterday: https://t.co/oM7NBhbhkv @aircanada @aeroplan\xe2\x80\xa6 https://t.co/QMiOW7JGLJ,An update to the story we brought first to you yesterday xe2 x80 xa6
1022535454623707137,James Warne,jwarne007,"Montreal, Canada","Montreal based husband, father and fanatic for anything on two wheels that does not require an engine. Keep pedalling.",en,265,2017,2018-07-26 17:33:44,Now the game of standby begins. \n.\n.\n.\n.\n#yyz #pearsonairport #toronto #flying #airport #aircanada @ Toronto Pearso\xe2\x80\xa6 https://t.co/EZAQsWlnmG,Now the game of standby begins n n n n n yyz pearsonairport toronto flying airport aircanada Toronto Pearso xe2 x80 xa6
1022523600203657217,PlaneSpottingIsCool,PlaneSpotIsCool,Worldwide,We call upon the aviation industry and aviation enthusiasts of the world to stand up and #MakePlanespottingCoolAgain. This message is endorsed by @PlaySkyjacker,en,2370,4743,2018-07-26 16:46:38,RT @justplanes: \xe2\x9c\x88\xef\xb8\x8f Air Canada Boeing 777-300ER into Frankfurt\n\xf0\x9f\x8e\xa5 FULL VIDEO \xf0\x9f\x94\x9b https://t.co/S2pMg9BcLu\n\n#avgeek #aircanada #frankfurt https:/\xe2\x80\xa6,RT xe2 x9c x88 xef xb8 x8f Air Canada Boeing 777 300ER into Frankfurt n xf0 x9f x8e xa5 FULL VIDEO xf0 x9f x94 x9b aircanada frankfurt https xe2 x80 xa6
1022523513519976450,M.Roziqin,_mroziqin,"Jember, Jawa Timur",Civil Engineer \xf0\x9f\x91\xb7\xf0\x9f\x8f\xbb\xe2\x80\x8d\xe2\x99\x82\xef\xb8\x8f,en,6,35,2018-07-26 16:46:17,RT @justplanes: \xe2\x9c\x88\xef\xb8\x8f Air Canada Boeing 777-300ER into Frankfurt\n\xf0\x9f\x8e\xa5 FULL VIDEO \xf0\x9f\x94\x9b https://t.co/S2pMg9BcLu\n\n#avgeek #aircanada #frankfurt https:/\xe2\x80\xa6,RT xe2 x9c x88 xef xb8 x8f Air Canada Boeing 777 300ER into Frankfurt n xf0 x9f x8e xa5 FULL VIDEO xf0 x9f x94 x9b aircanada frankfurt https xe2 x80 xa6
1022511927770206208,Peter Lopez,petersvault,Los Angeles,"Father, husband, entrepreneur, and avid student of Life.  The world is my classroom...",en,869,1425,2018-07-26 16:00:15,"On the way home...\n.\n.\n.\n#landing #flight #sunset ##aircanada #travel #lasunset @ Los Angeles, California https://t.co/pjG0NxE0Gs",On the way home n n n n landing flight sunset aircanada travel lasunset Los Angeles California
1022502030647205888,Candace Daniel,CDanielGlobal,candace.daniel@globalnews.ca,"Global News Morning Anchor/Weather Specialist  @CDanielGlobal Born in Toronto, living in Regina",en,1287,1552,2018-07-26 15:20:55,Heads up! Flights delayed in and out of Toronto! AC1114 to #yyz delayed til 11:20 am and AC1113 from yyz delayed ti\xe2\x80\xa6 https://t.co/BncJk1pOWf,Heads up Flights delayed in and out of Toronto AC1114 to yyz delayed til 11 20 am and AC1113 from yyz delayed ti xe2 x80 xa6
1022497623159144448,Trillmatic.com,BeenTrillmatic,Texas,Somewhere in between the rich x famous & the starving artists! https://t.co/sovpJR5opJ | Podcast: https://t.co/HixRUxn598 Hosted by @BiggUU254 & @Riffa254,en,3524,2335,2018-07-26 15:03:25,Stream #Montreal rapper @scholarthethird's new EP #AirCanada https://t.co/VlWoZw3VXe https://t.co/tSAPMS2ZNd,Stream Montreal rapper s new EP AirCanada
1022494277895520257,Olivia,Olivia38917476,"Ontario, Canada",,en,0,2,2018-07-26 14:50:07,"RT @XGuoforWaterloo: Wating to board the #aircanada . The Forbidden City is a palace complex in central Beijing, China. The former Chinese\xe2\x80\xa6",RT Wating to board the aircanada The Forbidden City is a palace complex in central Beijing China The former Chinese xe2 x80 xa6
1022494208421068801,Ms. Sto\xcc\xb7rm\xe2\x9d\xa3\xef\xb8\x8f,EuphoriaStorm,"Ottawa, Ontario",Overtaxed Canadian citizen \xf0\x9f\x87\xa8\xf0\x9f\x87\xa6\n\n\n\n\n\n\n                                                       No DMs please,en,374,317,2018-07-26 14:49:50,Flight 8845 from YOW to Newark. Sitting on tarmac due to possible air intake at wheels. Shouldn't these aircrafts b\xe2\x80\xa6 https://t.co/ZanHoUWvWP,Flight 8845 from YOW to Newark Sitting on tarmac due to possible air intake at wheels Shouldn t these aircrafts b xe2 x80 xa6
1022484908474658866,Bo Zhang,BoZhang07883420,,Xiaoming Guo lives in Kitchener and is a candidate of Waterloo Region District School Board Trustee. Please #VoteGuo for the future of our students and Waterloo,en,1,3,2018-07-26 14:12:53,"RT @XGuoforWaterloo: Wating to board the #aircanada . The Forbidden City is a palace complex in central Beijing, China. The former Chinese\xe2\x80\xa6",RT Wating to board the aircanada The Forbidden City is a palace complex in central Beijing China The former Chinese xe2 x80 xa6
1022484813591273473,SportsVolt,SportsVolt,,The world of Sports and Recreation - Let the game begin!,en,48,118,2018-07-26 14:12:31,41-year-old Vince Carter is headed to the Atlanta Hawks on a one-year deal.\n.\n.\n.\n.\n.\n#vincecarter #vc #vinsanity\xe2\x80\xa6 https://t.co/od0c4jMYAC,41 year old Vince Carter is headed to the Atlanta Hawks on a one year deal n n n n n n vincecarter vc vinsanity xe2 x80 xa6
1022478886653882370,Barry,Barry69104159,,,en,165,2,2018-07-26 13:48:57,RT @gilmorepartners: Dare we call Air Canada savvy? Air Canada unveils hostile bid to buy back Aeroplan - https://t.co/Q6sjokyj02 #aircanad\xe2\x80\xa6,RT Dare we call Air Canada savvy Air Canada unveils hostile bid to buy back Aeroplan aircanad xe2 x80 xa6
1022478766621315072,Gilmore | Partners,gilmorepartners,"Toronto, Canada","Established in 1985, Gilmore Partners is one of Toronto\xe2\x80\x99s premier human capital management firms,  bringing together top notch talent and top notch clients.",en,350,430,2018-07-26 13:48:29,Dare we call Air Canada savvy? Air Canada unveils hostile bid to buy back Aeroplan - https://t.co/Q6sjokyj02\xe2\x80\xa6 https://t.co/R49TMgCX8m,Dare we call Air Canada savvy Air Canada unveils hostile bid to buy back Aeroplan
1022471951963578368,Pardis,PardisAnvari,,Contributor at Iranian Business Forum...,en-gb,43,198,2018-07-26 13:21:24,@AirCanada this is not a good enough answer to me. No one has contacted me nor gives me a straight answer where my\xe2\x80\xa6 https://t.co/1mG5WrANBC,this is not a good enough answer to me No one has contacted me nor gives me a straight answer where my xe2 x80 xa6
1022462777393172481,Nancy Modrcin,DorsayMod,"Toronto, Canada",Brand Builder. Start-up Supporter. Hobby Photographer. All opinions are my own.,en,449,476,2018-07-26 12:44:57,#AirCanada makes move to buy back #Aeroplan. #Loyalty #Marketing #Data  https://t.co/GDNur0ks2S,AirCanada makes move to buy back Aeroplan Loyalty Marketing Data
1022458352104824832,Folk's Cards,folkscards,,Handcrafted custom basketball cards and autographs\n(Cards de basket caseros firmados),en,519,1816,2018-07-26 12:27:22,Vince Carter signs with @atlhawks for his 21st playing season. Congratulations and good luck @mrvincecarter15!\xe2\x80\xa6 https://t.co/PEW9a2XU1d,Vince Carter signs with for his 21st playing season Congratulations and good luck xe2 x80 xa6
1022455317710364673,Suzie Davidson,FunkySuz,"Hamilton, ON, Canada","I work at Amex GBT, I love to travel \xe2\x9c\x88\xf0\x9f\x9b\xa9\xf0\x9f\x9a\x85\xf0\x9f\x97\xba My family have my \xe2\x9d\xa4. Judge less, accept more... it's the key to happiness!  British expat in Canada \xf0\x9f\x87\xac\xf0\x9f\x87\xa7 \xf0\x9f\x87\xa8\xf0\x9f\x87\xa6",en,90,417,2018-07-26 12:15:18,RT @RosalbaP_AC: Congratulations @AmexCanada TLS for once again earning COE status with  #AirCanada.  We truly appreciate your support and\xe2\x80\xa6,RT AC Congratulations TLS for once again earning COE status with AirCanada We truly appreciate your support and xe2 x80 xa6
1022453945975877635,Amadi #TheLight \xe2\x98\x80\xef\xb8\x8fout NOW!!,IrishThePen,ATL - Otown - LA\xe2\x98\x98,#BeatJUUG \xe2\x9c\x8d\xf0\x9f\x8f\xbb Vh1 | MTV | WildN\xe2\x80\x99Out | Fox Sports South | Peer Music | Sony Music | B.o.B | Brian Angel (Day26) | Amadi | FHB | JT Money | Lil Wyte | Frayser Boy,en,3953,703,2018-07-26 12:09:51,Wow. #AirCanada\xf0\x9f\x92\xba\xe2\x80\x99s are ridiculously tight.\xf0\x9f\x98\xb3,Wow AirCanada xf0 x9f x92 xba xe2 x80 x99s are ridiculously tight xf0 x9f x98 xb3
1022453310845083648,Lexley Deus,LexleyDeus24,"Toronto, Ontario",All Glory & Honour to Him | Ryerson OHS Graduate | Struggles Are Our Greatest Blessing,en,110,258,2018-07-26 12:07:20,big props to the crew of AC7564 for a great flight! awesome service and beautiful landing in #yul #aircanada #acexpress,big props to the crew of AC7564 for a great flight awesome service and beautiful landing in yul aircanada acexpress
1022451854699970561,Unifor 2002,Unifor2002,Canada,"Local 2002. Representing over 10,000 members coast to coast to coast https://t.co/2M3Ssfqq2H | #unifor #unifor2002 #canlab #savelocalnews",en,1601,1825,2018-07-26 12:01:33,#AirCanada and Banks bid for #Aeroplan https://t.co/lffFXftY19,AirCanada and Banks bid for Aeroplan
1022444461287268352,Xiaoming Guo,XGuoforWaterloo,"Kitchener, Ontario",Xiaoming Guo lives in Kitchener and is a candidate of Waterloo Region District School Board Trustee. Please vote him for the future of our students and Waterloo,en,131,289,2018-07-26 11:32:10,"Wating to board the #aircanada . The Forbidden City is a palace complex in central Beijing, China. The former Chine\xe2\x80\xa6 https://t.co/QOVjtySv3Q",Wating to board the aircanada The Forbidden City is a palace complex in central Beijing China The former Chine xe2 x80 xa6
1022441491883610112,Gabi Kool,Gabi_Kool,"Venice, Riga","CEO QIX: Building the world\xe2\x80\x99s preferred Digital Currency for IoT solutions for Smart Cities. Columnist Forbes Latvia. Love Italy, cooking and baseball",en,492,487,2018-07-26 11:20:22,Will be interesting to see how hostile bid for #Aimia by #aircanada and their consortium will turn out. Lost shareh\xe2\x80\xa6 https://t.co/CdTdEW6VKe,Will be interesting to see how hostile bid for Aimia by aircanada and their consortium will turn out Lost shareh xe2 x80 xa6
1022433776788492288,Joe,JoeyMar101,Halifax,Love @zoeylynn916\nLove music\nLove movies,en,146,655,2018-07-26 10:49:42,Air Canada-led group seeks to buy Aeroplan business in $2.25B offer to Aimia https://t.co/lkHKvjNAYx #aircanada\xe2\x80\xa6 https://t.co/9OkeyYDZkl,Air Canada led group seeks to buy Aeroplan business in 2 25B offer to Aimia aircanada xe2 x80 xa6
1022431585101115392,Chris,GayMtl,"Montreal, QC \xf0\x9f\x87\xa8\xf0\x9f\x87\xa6",Canadian\xf0\x9f\x87\xa8\xf0\x9f\x87\xa6 Armenian\xf0\x9f\x87\xa6\xf0\x9f\x87\xb2/Italian\xf0\x9f\x87\xae\xf0\x9f\x87\xb9 & bf is @Irish_Dude68\xf0\x9f\x8f\xb3\xef\xb8\x8f\xe2\x80\x8d\xf0\x9f\x8c\x88 IG: gaymtl/SC: gaymtl2005 @CHOM977 listenn' since Mar/Apr '77/fan of: @StockBar @WWE @JohnCena,en,733,5002,2018-07-26 10:41:00,"RT @YourMorning: A stunning change in direction from #AirCanada. Just a year after it parted ways with the loyalty program #Aeroplan, the a\xe2\x80\xa6",RT A stunning change in direction from AirCanada Just a year after it parted ways with the loyalty program Aeroplan the a xe2 x80 xa6
1022430857674612737,David Hamer,DavidHamer_1951,"Toronto,  Canada","Happily retired after 35 years at the Bar. Husband, Dad, and Grandfather. (Ontario & Merton, 1974)",en,446,395,2018-07-26 10:38:06,"Classic Air Canada: \xe2\x80\x9cWe\xe2\x80\x99re not happy til you\xe2\x80\x99re not happy.\xe2\x80\x9d \nSpin off your loyalty card to the investing public, th\xe2\x80\xa6 https://t.co/qaEptCmRUb",Classic Air Canada xe2 x80 x9cWe xe2 x80 x99re not happy til you xe2 x80 x99re not happy xe2 x80 x9d nSpin off your loyalty card to the investing public th xe2 x80 xa6
1022429803972947968,CanadaPointsGuy,canadapointsguy,"Toronto, Ontario",Travel the world on points and miles preferably in business and first class and breaking deals on fares.,en,1507,2643,2018-07-26 10:33:55,Now thats an interesting development....\n#Aeroplan #AirCanada #CanadaPointsGuy\nAir Canada group seeks to buy Aeropl\xe2\x80\xa6 https://t.co/o7fo7UmnMF,Now thats an interesting development n Aeroplan AirCanada CanadaPointsGuy nAir Canada group seeks to buy Aeropl xe2 x80 xa6
1022429096326967297,Your Morning,YourMorning,Canada,"Wake up with Your Morning on CTV and @AnneMarieAMK, @BenMulroney, @melissagrelo, @LindseyDeluce, @KelseyMcEwen, @brandongonez , @PriyaSamCTV",en,13406,1862,2018-07-26 10:31:07,A stunning change in direction from #AirCanada. Just a year after it parted ways with the loyalty program #Aeroplan\xe2\x80\xa6 https://t.co/4DQj6H1nO1,A stunning change in direction from AirCanada Just a year after it parted ways with the loyalty program Aeroplan xe2 x80 xa6
1022427228498481152,USA Sport24,USASport24,,Official Twitter account USA Sport24,it,2881,60,2018-07-26 10:23:41,RT @DouglasHoltzman: Sources: Hawks add Vince Carter for 21st year https://t.co/yc6LXbIXtf @espn @NBA @ATLHawks @mrvincecarter15 #sportsbiz\xe2\x80\xa6,RT Sources Hawks add Vince Carter for 21st year sportsbiz xe2 x80 xa6
1022427071841296384,Douglas Holtzman,DouglasHoltzman,Atlanta,CURRENT: VP Business Development @sportsdigita PAST: @NFL @MLB @NBA @IMG @AFLarenaball @MediaBrokersInt @ONtracapp ALUM: #Kansas #NIU INTEREST: #sportsbiz #tech,en,1663,3019,2018-07-26 10:23:04,Sources: Hawks add Vince Carter for 21st year https://t.co/yc6LXbIXtf @espn @NBA @ATLHawks @mrvincecarter15\xe2\x80\xa6 https://t.co/uzUQZMCcKC,Sources Hawks add Vince Carter for 21st year xe2 x80 xa6
1022339526008741888,Keshia,keshabbott,"Texas, USA","Lover of animals, travel, sleep, music and movies. Marketing Professional. Newfie in Texas \xf0\x9f\x87\xa8\xf0\x9f\x87\xa6",en,147,1116,2018-07-26 04:35:11,"@AirCanada Publicly respond to show face but once you get the DM you just ignore? Class act @AirCanada , your custo\xe2\x80\xa6 https://t.co/MIsi7NMvsK",Publicly respond to show face but once you get the DM you just ignore Class act your custo xe2 x80 xa6
1022319751719251969,Master Splinter,itschuco,"Upper West Side, Nueva York","Life Changes, Friends Don't.\nMVA 2003 Funniest \xf0\x9f\x91\xa6\xf0\x9f\x8f\xbb award winner.\nIG: Itschucoart \xf0\x9f\x8e\xa8",en,280,775,2018-07-26 03:16:37,@RonBurrgundy The better retire his fucking Jersey #Vinsanity #AirCanada @Raptors,The better retire his fucking Jersey Vinsanity AirCanada
1022316766536421376,Marco Matern,MarcoUROCK,"Seattle, WA",Dutch/Canadian gal in the USofA. 'Communication Specialist motivating industry professionals to business excellence worldwide',en,1080,1488,2018-07-26 03:04:45,#AirCanada confirms a new #PointsProgram in 2020 https://t.co/IBIqxA0XdC,AirCanada confirms a new PointsProgram in 2020
1022311955959361537,Smiley Face Potato,SmileyTater,,,en,11,47,2018-07-26 02:45:38,"Just heard about the #aircanada &amp; #aeroplan merger. #Aimia , will you accept the proposal? Give us answers.\xe2\x80\xa6 https://t.co/ODIvViQsKz",Just heard about the aircanada amp aeroplan merger Aimia will you accept the proposal Give us answers xe2 x80 xa6
1022311163856650240,Luba Kheir,Luba_Mira,Australia,,en,50,104,2018-07-26 02:42:29,Just heard about the #Aeroplan proposal  #aircanada &amp; #aimia merger #showustheproposal #whensthedeadline #weneedanswers,Just heard about the Aeroplan proposal aircanada amp aimia merger showustheproposal whensthedeadline weneedanswers
1022304953505902592,Rene Welsh,RationMinds78,Canada,Creator and co-host of The North American Talk Box with @jinglebeau4.  Co-admin of @TheJanesFam Twitter account with @ChronicalyCarly.,en,228,505,2018-07-26 02:17:49,So no coming home party to @Raptors for #AirCanada? https://t.co/uZ8jdAb9rr,So no coming home party to for AirCanada
1022290283973640192,Bria Stone,br_stone,Canadian. Living in Cali.,\xe2\x80\x9cyou are allowed to be both a masterpiece and a work in progress simultaneously\xe2\x80\x9d Sophia Bush. IG: Br_stone,en,237,853,2018-07-26 01:19:31,When I\xe2\x80\x99ve been on hold for 30 Minutes with @AirCanada ..... after saying it was a 10 minute wait. \nNOT COOL GUYS\xe2\x80\xa6 https://t.co/5sMILrAoy7,When I xe2 x80 x99ve been on hold for 30 Minutes with after saying it was a 10 minute wait nNOT COOL GUYS xe2 x80 xa6
1022289130494017536,SportzBrain,SportzBrain,Wide World of Sportz,,en,97,168,2018-07-26 01:14:56,#2018 = And 1 @ technical foul on #Aircanada for hurting Mutombo\xe2\x80\x99s feelings! @mrvincecarter15 https://t.co/KTy5NbMA38,2018 And 1 technical foul on Aircanada for hurting Mutombo xe2 x80 x99s feelings
1022280943472713728,Vanessa Dewson,vanessadewson,"Ottawa, Ontario, Canada","Ottawa based photographer, graphic designer and travel agent specializing in photo tours. Lover of life, good food, nature, travel and photography.",en,1090,1039,2018-07-26 00:42:24,Off we go!\n.\n.\n.\n#wanderlust #yow #firststopfrankfurt #africabound #travelgram #airportsunset #aircanada #nikond500\xe2\x80\xa6 https://t.co/el0Wf6U3Zz,Off we go n n n n wanderlust yow firststopfrankfurt africabound travelgram airportsunset aircanada nikond500 xe2 x80 xa6
1022280834861158404,Pardis,PardisAnvari,,Contributor at Iranian Business Forum...,en-gb,43,198,2018-07-26 00:41:58,@AirCanada totally annoyed and disappointed for a missing luggage from LHR to YUL. After 2 days still haven\xe2\x80\x99t recei\xe2\x80\xa6 https://t.co/BWYaxw9YsW,totally annoyed and disappointed for a missing luggage from LHR to YUL After 2 days still haven xe2 x80 x99t recei xe2 x80 xa6
1022266205854425088,Jerry Tauber,JerryTauber,New York - Los Angeles,Ecclesiastes 12:6,en,1063,2341,2018-07-25 23:43:50,"@DimeUPROXX vet is mighty impressive. #AirCanada is an NBA legend: \nentering his 21st season in the NBA, Vince Cart\xe2\x80\xa6 https://t.co/Fx4lazSC0x",vet is mighty impressive AirCanada is an NBA legend nentering his 21st season in the NBA Vince Cart xe2 x80 xa6
1022259264818098178,Nanci Brown,nanci_e_brown,"Toronto, Ontario","Marketing Director @Wonderlogix. COO @SalesBuddy1. Proud Canadian, fitness enthusiast, bookworm. Airedales rule. Opinions are mine.",en,145,139,2018-07-25 23:16:16,"Lax, negligent #CustomerService  with @AirCanada .16 y.o. child, travelling alone, missed connecting flight.\xe2\x80\xa6 https://t.co/Kq2ASvgMBY",Lax negligent CustomerService with 16 y o child travelling alone missed connecting flight xe2 x80 xa6
1022258131210924032,\xf0\x9f\x87\xa8\xf0\x9f\x87\xa6Bobby Prica\xf0\x9f\x87\xad\xf0\x9f\x87\xb7 #THFC #GoHabsGo,BobbyPrica,"43.223158,-79.770233",GAMING! COMIC BOOKS! DIE-HARD TOTTENHAM AND HABS FAN!\nIG:napoleon336   \nSteam:napstheknight \nPSN:napstheknight  Snapchat:napoleon336,en,1340,1416,2018-07-25 23:11:45,"Old man still playing! #Carter #AirCanada #Hawks #NBA #Atlanta \nReport: Hawks, Carter agree to 1-year contract \nhttps://t.co/ZCUktTL4eA",Old man still playing Carter AirCanada Hawks NBA Atlanta nReport Hawks Carter agree to 1 year contract
1022257412969885696,Fran\xc3\xa7ois Choquette,franchok,,,en,261,239,2018-07-25 23:08:54,RT @mashashimoto: Great way to spend a #Sunday in #Vancouver playing golf under the blue sky. @AirCanada was proud to sponsor the first joi\xe2\x80\xa6,RT Great way to spend a Sunday in Vancouver playing golf under the blue sky was proud to sponsor the first joi xe2 x80 xa6
1022256741201862656,Andreas Schuster,ohhihellothere,Canada,"Storyboard artist, attractive from every angle https://t.co/rrUaBTttYp",en,330,197,2018-07-25 23:06:14,"Germany, hold on to your pretzels and chocolate, we are coming to EAT! #aircanada #germany #vacation #fatforlife https://t.co/6uWOxdoQUp",Germany hold on to your pretzels and chocolate we are coming to EAT aircanada germany vacation fatforlife
1022245308229709826,Andrea Baillie,AndreaBaillie,,"Look upon my works, ye mighty, and despair!",en,6,38,2018-07-25 22:20:48,@AirCanada my lost baggage was supposed to be delivered today. No bags still. #dontflyaircanada #aircanadasucks #aircanada,my lost baggage was supposed to be delivered today No bags still dontflyaircanada aircanadasucks aircanada
1022241838382559232,Dale Mah,mrdalemah,,I like shiny things ...,en,83,140,2018-07-25 22:07:01,"#StockManipulation101\n1) #AirCanada announces end of #Aeroplan partnership\n2) Aeroplan holding Company, AME:TSX, ta\xe2\x80\xa6 https://t.co/Oc8XVECDVv",StockManipulation101 n1 AirCanada announces end of Aeroplan partnership n2 Aeroplan holding Company AME TSX ta xe2 x80 xa6
1022236638351511552,scholarthethird,ScholarTheThird,"Montr\xc3\xa9al, Qu\xc3\xa9bec","scholarthethird - music artist - New Mixtape ""Air Canada"" OUT NOW! \xf0\x9f\x87\xa8\xf0\x9f\x87\xa6",en-gb,170,326,2018-07-25 21:46:21,"""AIR CANADA""\xf0\x9f\x87\xa8\xf0\x9f\x87\xa6\xe2\x9c\x88\xef\xb8\x8f THE FULL LENGTH MIXTAPE IS NOW AVAILABLE ON #applemusic ! LET ME KNOW YOURE FAV TRACK , LIKE, COMM\xe2\x80\xa6 https://t.co/0rDwM0N0uz",AIR CANADA xf0 x9f x87 xa8 xf0 x9f x87 xa6 xe2 x9c x88 xef xb8 x8f THE FULL LENGTH MIXTAPE IS NOW AVAILABLE ON applemusic LET ME KNOW YOURE FAV TRACK LIKE COMM xe2 x80 xa6
1022236436278468614,Rafaeel Chaudhry,colraf,,Brown bear living in the polar bear territory | Proud #FASTian & @UWaterloo @conraduwaterloo #MBET Grad,en,2023,1195,2018-07-25 21:45:33,#AirCanada teams up with 2 banks and Visa to make offer to buy #Aeroplan | CBC News https://t.co/pgcO0CDcVO,AirCanada teams up with 2 banks and Visa to make offer to buy Aeroplan CBC News
1022235788224942082,Christian Tholler,it2travel,"London, England","news, analysis and strategy consulting in travel technology, travel distribution, airline ancillary merchandising & social media. Visit https://t.co/8HIbepYtDw",de,67,45,2018-07-25 21:42:58,Cutting ties or takeover bid - what was the smarter move? https://t.co/LQF02vMaVn \n#loyalty #aimia #aeroplan #AirCanada @OpenJawTech,Cutting ties or takeover bid what was the smarter move n loyalty aimia aeroplan AirCanada
1022235352503861248,Sassy Blonde,videogirlprod,"Live, Love b a voice 4 change",#indiefilmmaker Freedom is the ability 2 b creative w/o boundaries Advocate 4 #suicideprevention #mentalhealth #Resist #Trump #GOP #votethemout2018,en,2967,2617,2018-07-25 21:41:14,"@DUALIPA Nope, dude was a doughebag. #AirCanada   was voted number one airline. If you can fly with them whenever possible, you should.",Nope dude was a doughebag AirCanada was voted number one airline If you can fly with them whenever possible you should
1022234117633531904,Erica Fabian,EricaFabs,"Vancouver, BC, Canada","Loud. Admirer of post-Impressionism. Opinionated overachiever. Creating addict. Ginger Chant. My name's Erica, but my friends call me Erica. Pix-Elated Films.",en,694,109,2018-07-25 21:36:20,Consistency is key. Choose #AirCanada if you like knowing you will always be let down. #worstflights,Consistency is key Choose AirCanada if you like knowing you will always be let down worstflights
1022233527322963968,Erica Fabian,EricaFabs,"Vancouver, BC, Canada","Loud. Admirer of post-Impressionism. Opinionated overachiever. Creating addict. Ginger Chant. My name's Erica, but my friends call me Erica. Pix-Elated Films.",en,694,109,2018-07-25 21:33:59,"Feeling parched on that cross country flight? Well, choose #AirCanada to live with that thirst",Feeling parched on that cross country flight Well choose AirCanada to live with that thirst
1022233306425741312,Erica Fabian,EricaFabs,"Vancouver, BC, Canada","Loud. Admirer of post-Impressionism. Opinionated overachiever. Creating addict. Ginger Chant. My name's Erica, but my friends call me Erica. Pix-Elated Films.",en,694,109,2018-07-25 21:33:07,Need air conditioned flights on a hot day? Don\xe2\x80\x99t choose #AirCanada #ACoptional,Need air conditioned flights on a hot day Don xe2 x80 x99t choose AirCanada ACoptional
1022233009200627712,Erica Fabian,EricaFabs,"Vancouver, BC, Canada","Loud. Admirer of post-Impressionism. Opinionated overachiever. Creating addict. Ginger Chant. My name's Erica, but my friends call me Erica. Pix-Elated Films.",en,694,109,2018-07-25 21:31:56,"As always, arriving late at my destination thanks to #AirCanada. At least they gave us water 2 hours into our 3 hour flight. \xf0\x9f\xa4\xa8",As always arriving late at my destination thanks to AirCanada At least they gave us water 2 hours into our 3 hour flight xf0 x9f xa4 xa8
1022220646472802304,traveljustkas,traveljustkas,"Edmonton, Alberta","Hi! I'm Keith and she's Anukesh, we are bankers from Edmonton Canada who love to cook, eat, and travel the world one vacation at a time.",en,34,150,2018-07-25 20:42:48,Did Air Canada leave Aeroplan to crash the stock price just to buy it at a lower price ! #Genius \n#AirCanada\xe2\x80\xa6 https://t.co/BUkzDPEtZR,Did Air Canada leave Aeroplan to crash the stock price just to buy it at a lower price Genius n AirCanada xe2 x80 xa6
1022218592899792896,iLuvTrading,VirgilForex,Los Angeles CA,YouTuber! 250k Subscribers & growing.,en,222,9,2018-07-25 20:34:39,London to Vancouver on Air Canada Biz Class Review Vlog is now live. Link in bio! #ac855 #aircanada #london\xe2\x80\xa6 https://t.co/nDn1c6vy3k,London to Vancouver on Air Canada Biz Class Review Vlog is now live Link in bio ac855 aircanada london xe2 x80 xa6
1022216140120965120,Gala Travels,GalaTravels,"Ontario, Canada","We're a family owned and operated travel agency. We usually tweet travel ideas, tips and blogs as well as some awesome travel pictures!",en,2338,2588,2018-07-25 20:24:54,"A year after announcing plans to sever ties with Aeroplan, Air Canada is teaming up with three financial institutio\xe2\x80\xa6 https://t.co/3WSU3aXZd4",A year after announcing plans to sever ties with Aeroplan Air Canada is teaming up with three financial institutio xe2 x80 xa6
1022215582123360257,Following the Travel Bug,FTtravelbug,"Halifax, Nova Scotia.... for n","Traveler, new blogger, explorer, recent graduate, and beginner photographer",en,42,64,2018-07-25 20:22:41,YHZ -&gt; CDG \xe2\x9d\xa4\xf0\x9f\x8e\x8a\xf0\x9f\x8e\xb6 #tomorrowlandhereicome #3weeksaway #halitoeurope #solucky #aircanada #yhztocdg #tomorrowland2018\xe2\x80\xa6 https://t.co/873HF1Izds,YHZ gt CDG xe2 x9d xa4 xf0 x9f x8e x8a xf0 x9f x8e xb6 tomorrowlandhereicome 3weeksaway halitoeurope solucky aircanada yhztocdg tomorrowland2018 xe2 x80 xa6
1022200417566916608,Amalia,amaliaefowler,"Vancouver, British Columbia",Digital strategy expert bringing clarity to clients through the art and science of data storytelling. Account Director @snapmarketing. Opinions are my own.,en,2613,358,2018-07-25 19:22:25,Air Canada has unveiled a hostile bid to buy back Aeroplan. #aircanada #aeroplan\n\nhttps://t.co/UguVlj91ux,Air Canada has unveiled a hostile bid to buy back Aeroplan aircanada aeroplan n
1022199372040335361,Peter Glassford,peterglassford,"Collingwood, Ontario","Reg. Kinesiologist, Cycling Coach, Aspiring Polymath, Sweet Potato Advocate. Wife= @mollyjhurford Podcast = https://t.co/kOKOoyqHkI",en,1010,749,2018-07-25 19:18:16,#aeroplan and #aircanada update ... it is possible that AC is going to buy back aeroplan \n\n https://t.co/ZiK7Goamqv,aeroplan and aircanada update it is possible that AC is going to buy back aeroplan n n
1022197377543720960,Anna McCune,AnnaMcCuneAC,"Toronto, Ontario","Manager, Corporate Sales @AirCanada. #Travel the world for unlimited life experiences.",en,303,224,2018-07-25 19:10:20,.#StarAlliance Expands Connection Service to #Toronto Pearson Airport. #AirCanada https://t.co/gPC49twnGS https://t.co/C1ZadCx1QY,StarAlliance Expands Connection Service to Toronto Pearson Airport AirCanada
1022196542751559680,California Livin',California_Lvn,"Venice, LA",The California Experience.,en,400,46,2018-07-25 19:07:01,Find your beach life...\n\n#aircanada #WednesdayWisdom #LittleKnownCanadianLaws #WonderGadot https://t.co/ES6o7Fpxm8,Find your beach life n n aircanada WednesdayWisdom LittleKnownCanadianLaws WonderGadot
1022192370752921603,Mark Satov,MarkSatov,,Strategy advisor @SATOVtweets and media contributor,en,775,121,2018-07-25 18:50:27,That was the hit i have been waiting for since about a year ago.  What a story  #aeroplan Bottom line: don\xe2\x80\x99t play c\xe2\x80\xa6 https://t.co/TdxPMynmt4,That was the hit i have been waiting for since about a year ago What a story aeroplan Bottom line don xe2 x80 x99t play c xe2 x80 xa6
1022182367233011713,Dr. Jeff McNally,drjeff_unb,"Fredericton, New Brunswick","Dad, #HR professor & researcher of #entrepreneurship. Active volunteer and board member. My students call me 'Dr. Jeff' @UNB \xf0\x9f\x91\xa8\xe2\x80\x8d\xf0\x9f\x8f\xab.",en,1875,1871,2018-07-25 18:10:42,"Air Canada, CIBC, TD and Visa offer to buy Aeroplan https://t.co/mylCP0AYiT #BusinessNews #AirCanada",Air Canada CIBC TD and Visa offer to buy Aeroplan BusinessNews AirCanada
1022180791764312069,james,jamesmkv,"Toronto, Ontario",torontozeiros | cruzeiro | birdgang,en,269,215,2018-07-25 18:04:26,We still out here @AirCanada another 2 hours. #yyz #toronto #aircanada,We still out here another 2 hours yyz toronto aircanada
1022172306355802114,George Ferreira,georgeferreira5,"Montr\xc3\xa9al, Qu\xc3\xa9bec","Manager, Corporate Sales @AirCanada \nHelping connect corporate customers to the world.",en,394,273,2018-07-25 17:30:43,"Proposal by #AirCanada, #TD, #CIBC and #Visa to Acquire #Aimia's #Aeroplan Loyalty Business https://t.co/1bokUF4PHK https://t.co/3mIMDCj9dZ",Proposal by AirCanada TD CIBC and Visa to Acquire Aimia s Aeroplan Loyalty Business
1022171129228611584,Shannon Skinner,Shannon_Skinner,#Toronto,"Broadcaster, speaker, author, writer \xf0\x9f\x8c\x8e || TV:https://t.co/Wc9UcAbpYU | Radio: #ShannonSkinnerLive  @VoiceAmWomen | Human to Bob \xf0\x9f\x90\xb6 | #travel #wine",en,7789,5037,2018-07-25 17:26:02,RT @JimByersTravel: This is a heck of a story in Canadian business and travel circles. #AirCanada #Aeroplan #travelnews #biznews https://t.\xe2\x80\xa6,RT This is a heck of a story in Canadian business and travel circles AirCanada Aeroplan travelnews biznews
1022170479304429568,Erica Fabian,EricaFabs,"Vancouver, BC, Canada","Loud. Admirer of post-Impressionism. Opinionated overachiever. Creating addict. Ginger Chant. My name's Erica, but my friends call me Erica. Pix-Elated Films.",en,694,109,2018-07-25 17:23:27,"Late coming in, broken AC, late to take off. Classic #AirCanada. At least they\xe2\x80\x99re consistently a disappointment?\xe2\x80\xa6 https://t.co/RgKT0duB06",Late coming in broken AC late to take off Classic AirCanada At least they xe2 x80 x99re consistently a disappointment xe2 x80 xa6
1022169623074983936,Jamie Fox,ACJamieFox,Canada,@AirCanada @AirCanadaRouge | Live a Life Well Travelled | Laugh A Lot | Build Extraordinary Relationships | Opinions are my own and not the views of my employer,en,1745,1597,2018-07-25 17:20:03,RT @JimByersTravel: This is a heck of a story in Canadian business and travel circles. #AirCanada #Aeroplan #travelnews #biznews https://t.\xe2\x80\xa6,RT This is a heck of a story in Canadian business and travel circles AirCanada Aeroplan travelnews biznews
1022166173989969921,james,jamesmkv,"Toronto, Ontario",torontozeiros | cruzeiro | birdgang,en,269,215,2018-07-25 17:06:21,We here and @AirCanada has all counters closed. What great service! #aircanada #yyz #toronto https://t.co/bFYtpW6gaz,We here and has all counters closed What great service aircanada yyz toronto
